full-name,Age,email,phone,district,taluka,landsize,address,latitude,longitude,other-info
Madhav Krish,42,ljask30@gmail.com,4103580091,Ahmadnagar,Sangamner,7,"Sangamner , Maharashtra",19.59567,74.19427,
Zaina Jha,53,efaa32@gmail.com,2235624729,Ahmadnagar,Kopargaon,7,"Kopargaon , Maharashtra",19.89428,74.48211,
Anvi Lal,30,hmfiz48@gmail.com,9373326184,Ahmadnagar,Rahta,7,"Rahta , Maharashtra",19.70958,74.47988,
Parinaaz Chahal,27,bndpl35@gmail.com,7454229879,Ahmadnagar,Shrirampur,8,"Shrirampur , Maharashtra",19.61944,74.65683,
Sahil Ramakrishnan,32,mltok60@gmail.com,9957674465,Ahmadnagar,Nevasa,3,"Nevasa , Maharashtra",19.47509,74.93026,
Yashvi Sinha,50,nzkxh41@gmail.com,7987044756,Ahmadnagar,Shevgaon,8,"Shevgaon , Maharashtra",19.36019,75.21282,
Kabir Ghose,59,amuhk33@gmail.com,3637541838,Ahmadnagar,Pathardi,5,"Pathardi , Maharashtra",19.17696,75.17458,
Shanaya Chacko,32,wezqf26@gmail.com,2272207366,Ahmadnagar,Nagar,4,"Nagar , Maharashtra",19.05626,74.8207,
Arnav Dora,30,umrzq27@gmail.com,4902594580,Ahmadnagar,Rahuri,9,"Rahuri , Maharashtra",19.39094,74.64771,
Rohan Taneja,47,nfbcr50@gmail.com,1174328143,Ahmadnagar,Parner,7,"Parner , Maharashtra",19.1589,74.39173,
Sara Bera,54,dxcso60@gmail.com,6416473350,Ahmadnagar,Shrigonda,7,"Shrigonda , Maharashtra",18.61214,74.69947,
Gokul Sandal,28,qjusv28@gmail.com,2395804270,Ahmadnagar,Karjat,8,"Karjat , Maharashtra",18.55079,75.00907,
Ivana Bhavsar,47,bjwcz26@gmail.com,7814425299,Ahmadnagar,Jamkhed,4,"Jamkhed , Maharashtra",18.73431,75.31063,
Tushar Jain,38,jxotw59@gmail.com,9495239587,Akola,Telhara,5,"Telhara , Maharashtra",21.02623,76.84034,
Ahana  Garg,58,zxtco57@gmail.com,9590169237,Akola,Telhara,9,"Telhara , Maharashtra",21.02623,76.84034,
Prerak Barad,28,ityra59@gmail.com,9832166559,Akola,Akot,2,"Akot , Maharashtra",21.09742,77.05497,
Samarth Kale,39,ujnnq52@gmail.com,7703688049,Akola,Akot,5,"Akot , Maharashtra",21.09742,77.05497,
Neysa Suresh,47,bmcas41@gmail.com,8628870465,Akola,Balapur,5,"Balapur , Maharashtra",20.66342,76.77383,
Priyansh Dixit,42,hpmmh39@gmail.com,9277834967,Akola,Balapur,5,"Balapur , Maharashtra",20.66342,76.77383,
Mahika Sahni,40,awanh38@gmail.com,9466713593,Akola,Akola,4,"Akola , Maharashtra",20.70535,77.00218,
Tarini Bedi,54,eqmzp33@gmail.com,2571865892,Akola,Akola,8,"Akola , Maharashtra",20.70535,77.00218,
Biju Uppal,32,jmlzv59@gmail.com,9203723095,Akola,Murtijapur,6,"Murtijapur , Maharashtra",20.73659,77.36561,
Dishani Kapadia,53,ognjk54@gmail.com,8189004472,Akola,Murtijapur,7,"Murtijapur , Maharashtra",20.73659,77.36561,
Amani Raman,47,ryzlf43@gmail.com,6628004940,Akola,Patur,8,"Patur , Maharashtra",20.46068,76.9389,
Tejas Warrior,55,zwcto54@gmail.com,7551846442,Akola,Patur,9,"Patur , Maharashtra",20.46068,76.9389,
Shanaya Rastogi,59,ghizk60@gmail.com,9421655675,Akola,Barshitakli,2,"Barshitakli , Maharashtra",20.57578,77.0619,
Seher Bala,39,glzhk49@gmail.com,9333664782,Akola,Barshitakli,9,"Barshitakli , Maharashtra",20.57578,77.0619,
Jivika Devi,43,yzvos45@gmail.com,3541251913,Amravati,Dharni,2,"Dharni , Maharashtra",21.55701,76.89288,
Mannat Dugal,56,zdqke29@gmail.com,5025467759,Amravati,Dharni,3,"Dharni , Maharashtra",21.55701,76.89288,
Ishaan Gokhale,27,urqoe42@gmail.com,6137731223,Amravati,Chikhaldara,5,"Chikhaldara , Maharashtra",21.40126,77.32664,
Priyansh Kala,59,kzbmc31@gmail.com,8471315289,Amravati,Chikhaldara,2,"Chikhaldara , Maharashtra",21.40126,77.32664,
Shanaya Varkey,52,fnlqy55@gmail.com,9432285920,Amravati,Anjangaon Surji,9,"Anjangaon Surji , Maharashtra",21.1699,77.30953,
Vihaan Contractor,57,bqdsx60@gmail.com,5486769995,Amravati,Anjangaon Surji,5,"Anjangaon Surji , Maharashtra",21.1699,77.30953,
Shanaya Jain,42,mrpxl26@gmail.com,5547375580,Amravati,Achalpur,2,"Achalpur , Maharashtra",21.25512,77.51181,
Saira Halder,38,fjueg45@gmail.com,5421856377,Amravati,Achalpur,5,"Achalpur , Maharashtra",21.25512,77.51181,
Hansh Majumdar,31,hgkrj55@gmail.com,9644472696,Amravati,Chandurbazar,3,"Chandurbazar , Maharashtra",21.23765,77.74687,
Adira Deshmukh,57,zpdey60@gmail.com,7421730061,Amravati,Chandurbazar,8,"Chandurbazar , Maharashtra",21.23765,77.74687,
Pihu Dalal,30,rmvug52@gmail.com,9724800265,Amravati,Morshi,7,"Morshi , Maharashtra",21.32977,78.01173,
Biju Shenoy,53,qxgjm41@gmail.com,7401262666,Amravati,Morshi,9,"Morshi , Maharashtra",21.32977,78.01173,
Taimur Trivedi,45,luxem50@gmail.com,3999817689,Amravati,Worud,6,"Worud , Maharashtra",21.47677,78.26783,
Aarav Bansal,46,nxpfl35@gmail.com,9328614458,Amravati,Worud,7,"Worud , Maharashtra",21.47677,78.26783,
Dhanuk Iyer,50,mfbkd41@gmail.com,9671264820,Amravati,Teosa,3,"Teosa , Maharashtra",21.07657,78.04517,
Jayesh Master,54,ddnzm42@gmail.com,7489713158,Amravati,Teosa,6,"Teosa , Maharashtra",21.07657,78.04517,
Arnav Walia,42,rctln39@gmail.com,3928094397,Amravati,Amravati,9,"Amravati , Maharashtra",20.93333,77.75,
Jivika Mani,29,ynqtc55@gmail.com,8287768815,Amravati,Amravati,5,"Amravati , Maharashtra",20.93333,77.75,
Indrans Aggarwal,58,zfncg57@gmail.com,2857768112,Amravati,Bhatkuli,2,"Bhatkuli , Maharashtra",20.99302,77.61909,
Onkar Batra,47,ikvtp31@gmail.com,9599281291,Amravati,Bhatkuli,4,"Bhatkuli , Maharashtra",20.99302,77.61909,
Vritika Chawla,35,hsyxh51@gmail.com,3900703903,Amravati,Daryapur,4,"Daryapur , Maharashtra",20.92903,77.33123,
Lakshay Krishna,48,jbgqh60@gmail.com,7866788970,Amravati,Daryapur,4,"Daryapur , Maharashtra",20.92903,77.33123,
Zain Ben,57,fxtre58@gmail.com,4690512008,Amravati,Nandgaon-Khandeshwar,4,"Nandgaon-Khandeshwar , Maharashtra",20.69196,77.77844,
Pranay Sankar,32,arjbt43@gmail.com,8848191186,Amravati,Nandgaon-Khandeshwar,3,"Nandgaon-Khandeshwar , Maharashtra",20.69196,77.77844,
Elakshi Baria,54,wplhr43@gmail.com,7820061427,Amravati,Chandur Railway,3,"Chandur Railway , Maharashtra",20.81538,77.97886,
Riya Savant,30,fdvze41@gmail.com,5170911578,Amravati,Chandur Railway,4,"Chandur Railway , Maharashtra",20.81538,77.97886,
Farhan Sunder,32,ffwjt41@gmail.com,803724429,Amravati,Dhamangaon Railway,7,"Dhamangaon Railway , Maharashtra",20.79384,78.13764,
Bhavin Mahal,41,rbnni28@gmail.com,8651789891,Amravati,Dhamangaon Railway,7,"Dhamangaon Railway , Maharashtra",20.79384,78.13764,
Mishti Kannan,60,igsdj39@gmail.com,6107866975,Aurangabad,Kannad,8,"Kannad , Maharashtra",20.26045,75.1369,
Diya Tara,49,vrwyw60@gmail.com,4250502414,Aurangabad,Soegaon,5,"Soegaon , Maharashtra",20.59129,75.6143,
Riaan Tara,50,agxzs54@gmail.com,4610585583,Aurangabad,Sillod,7,"Sillod , Maharashtra",20.3018,75.65222,
Hansh Sehgal,35,tzfyi60@gmail.com,8901385875,Aurangabad,Phulambri,7,"Phulambri , Maharashtra",20.11165,75.45954,
Nakul Sibal,28,hygwm46@gmail.com,9964308038,Aurangabad,Aurangabad,8,"Aurangabad , Maharashtra",19.87016,75.346,
Misha Sule,42,ahpgi29@gmail.com,4785323694,Aurangabad,Khuldabad,3,"Khuldabad , Maharashtra",20.00072,75.18917,
Sara Tripathi,32,bxqou33@gmail.com,3261339960,Aurangabad,Vaijapur,2,"Vaijapur , Maharashtra",19.92509,74.72936,
Keya Tripathi,29,fgwee56@gmail.com,2304195589,Aurangabad,Gangapur,8,"Gangapur , Maharashtra",19.70106,75.00617,
Zeeshan Sura,57,gkaay44@gmail.com,3594808442,Aurangabad,Paithan,8,"Paithan , Maharashtra",19.47498,75.38533,
Navya Suri,30,kaopp41@gmail.com,4715130135,Bhandara,Tumsar,2,"Tumsar , Maharashtra",21.38422,79.7519,
Eva Shroff,30,gzuyn31@gmail.com,6022120166,Bhandara,Mohadi,6,"Mohadi , Maharashtra",21.28326,79.67475,
Elakshi Khosla,54,pzzto60@gmail.com,6107032821,Bhandara,Bandara,2,"Bandara , Maharashtra",21.18738,78.98513,
Ishita Rout,41,drcfn32@gmail.com,3705226758,Bhandara,Sakoli,2,"Sakoli , Maharashtra",21.08583,79.99569,
Hazel Bhardwaj,34,rycag53@gmail.com,3598711282,Bhandara,Lakhani,2,"Lakhani , Maharashtra",21.06025,79.82786,
Nitara Bajaj,50,mxhzv48@gmail.com,8501924634,Bhandara,Pauni,3,"Pauni , Maharashtra",20.7926,79.63236,
Samiha Bose,54,ceohz38@gmail.com,9037928437,Bhandara,Lakhandur,3,"Lakhandur , Maharashtra",20.78033,79.87297,
Indrans Brahmbhatt,48,zbyyv31@gmail.com,8341686349,Buldana,Jalgaon (Jamod),4,"Jalgaon (Jamod) , Maharashtra",21.04658,76.52946,
Baiju Bandi,53,lywge30@gmail.com,7376857358,Buldana,Sangrampur,5,"Sangrampur , Maharashtra",21.11567,76.70735,
Rati Chahal,48,xkffr47@gmail.com,5932473457,Buldana,Shegaon,4,"Shegaon , Maharashtra",20.79561,76.69076,
Prisha Mani,59,bqbdy27@gmail.com,8198309237,Buldana,Nandura,9,"Nandura , Maharashtra",20.8375,76.461,
Zoya Rattan,43,vvwue56@gmail.com,6961916495,Buldana,Malkapur,4,"Malkapur , Maharashtra",20.89014,76.20135,
Priyansh Bali,57,oywff31@gmail.com,8335159267,Buldana,Motala,2,"Motala , Maharashtra",20.67531,76.2046,
Kanav Dey,55,gkzqi43@gmail.com,9600120392,Buldana,Khamgaon,2,"Khamgaon , Maharashtra",20.70687,76.57303,
Eva Loyal,52,pwbtx31@gmail.com,2735630922,Buldana,Mehkar,3,"Mehkar , Maharashtra",20.15012,76.57118,
Jivin Kari,29,dtoet51@gmail.com,4142373289,Buldana,Chikhli,3,"Chikhli , Maharashtra",20.34687,76.26414,
Zara Sawhney,28,yxzoy42@gmail.com,9134745063,Buldana,Buldana,3,"Buldana , Maharashtra",20.5399,76.17072,
Ahana  Cheema,45,zetgi58@gmail.com,6774960056,Buldana,Deolgaon Raja,2,"Deolgaon Raja , Maharashtra",20.01841,76.04156,
Ishita Joshi,32,mzley40@gmail.com,2845403775,Buldana,Sindkhed Raja,6,"Sindkhed Raja , Maharashtra",19.95673,76.12514,
Sumer Randhawa,38,siqfu59@gmail.com,6346849644,Buldana,Lonar,7,"Lonar , Maharashtra",19.98453,76.52326,
Inaaya  Kade,31,tvoww28@gmail.com,911640000000,Chandrapur,Warora,8,"Warora , Maharashtra",20.2346,79.01274,
Riya Kurian,40,bntam26@gmail.com,918239000000,Chandrapur,Chimur,4,"Chimur , Maharashtra",20.49763,79.3763,
Urvi Devan,49,cwwef40@gmail.com,5916581423,Chandrapur,Nagbhir,5,"Nagbhir , Maharashtra",20.58252,79.69078,
Gatik Lad,51,csibo33@gmail.com,6230352856,Chandrapur,Brahmapuri,6,"Brahmapuri , Maharashtra",20.61105,79.8558,
Jhanvi Sani,40,xxjia52@gmail.com,6778560306,Chandrapur,Sawali,2,"Sawali , Maharashtra",20.1966,79.83021,
Amira Bhatia,27,yngla31@gmail.com,1796133262,Chandrapur,Sindewahi,6,"Sindewahi , Maharashtra",20.29195,79.66029,
Zaina Kant,38,fhxlp60@gmail.com,9183636350,Chandrapur,Bhadravati,2,"Bhadravati , Maharashtra",20.10517,79.11301,
Indrajit Zachariah,30,yhcyn35@gmail.com,8206885712,Chandrapur,Chandrapur,4,"Chandrapur , Maharashtra",19.96652,79.29677,
Faiyaz Sabharwal,35,ngwqj56@gmail.com,9274016967,Chandrapur,Mul,7,"Mul , Maharashtra",20.06378,79.67164,
Vardaniya Som,35,rmhob53@gmail.com,238652305,Chandrapur,Pombhurna,4,"Pombhurna , Maharashtra",19.87703,79.63498,
Aarush Sarna,59,betft34@gmail.com,5368580490,Chandrapur,Ballarpur,3,"Ballarpur , Maharashtra",19.84912,79.35181,
Uthkarsh Sarkar,47,kewlx52@gmail.com,8955156558,Chandrapur,Korpana,7,"Korpana , Maharashtra",19.74514,78.98852,
Neysa Bhatia,31,dtade31@gmail.com,9188005915,Chandrapur,Jiwati,6,"Jiwati , Maharashtra",19.61064,79.06665,
Rania Subramaniam,59,zqlpy33@gmail.com,9569745940,Chandrapur,Rajura,7,"Rajura , Maharashtra",19.77912,79.36565,
Anahi Arora,49,ssvwa29@gmail.com,3179840969,Chandrapur,Gondpipri,7,"Gondpipri , Maharashtra",19.71447,79.685,
Krish Choudhry,53,acudv50@gmail.com,2585904735,Dhule,Shirpur,5,"Shirpur , Maharashtra",21.3526,74.87985,
Miraan Bahl,28,ewxqf52@gmail.com,9177808940,Dhule,Shindkhed,3,"Shindkhed , Maharashtra",21.24527,77.96064,
Anay Seshadri,58,kpbgl58@gmail.com,9142362481,Dhule,Sakri,6,"Sakri , Maharashtra",20.99352,74.31818,
Eshani Butala,45,czwhl27@gmail.com,8530860586,Dhule,Dhule,9,"Dhule , Maharashtra",20.90287,74.77259,
Aniruddh Guha,50,hsoil35@gmail.com,2914182648,Gadchiroli,Desaiganj (Vadasa),6,"Desaiganj (Vadasa) , Maharashtra",20.62166,79.96312,
Oorja Mangat,56,bhqem41@gmail.com,9148490099,Gadchiroli,Armori,6,"Armori , Maharashtra",20.46804,79.98518,
Ivana Chakrabarti,55,dfycr29@gmail.com,9198958807,Gadchiroli,Kurkheda,2,"Kurkheda , Maharashtra",20.62157,80.20932,
Priyansh Rao,47,gjqrj38@gmail.com,6635833907,Gadchiroli,Korchi,9,"Korchi , Maharashtra",20.8159,80.40746,
Darshit Mahajan,33,zaevp30@gmail.com,7432480075,Gadchiroli,Dhanora,9,"Dhanora , Maharashtra",20.26818,80.30588,
Amira Ram,29,eytsi39@gmail.com,9197541321,Gadchiroli,Gadchiroli,5,"Gadchiroli , Maharashtra",20.18259,80.00617,
Onkar Lata,27,dolhz54@gmail.com,364937208,Gadchiroli,Chamorshi,8,"Chamorshi , Maharashtra",19.93918,79.89107,
Aradhya Jha,33,gsbru39@gmail.com,2020970654,Gadchiroli,Mulchera,8,"Mulchera , Maharashtra",19.68009,80.00357,
Miraya Gara,28,fccpd33@gmail.com,5181533450,Gadchiroli,Etapalli,8,"Etapalli , Maharashtra",19.99167,80.43392,
Charvi Atwal,51,rgrqn60@gmail.com,9163364977,Gadchiroli,Bhamragad,3,"Bhamragad , Maharashtra",19.41402,80.59101,
Aradhya Dutt,52,bmhun47@gmail.com,9171351212,Gadchiroli,Aheri,3,"Aheri , Maharashtra",19.41525,80.00561,
Umang Jha,50,zcsxv39@gmail.com,3145803633,Gadchiroli,Sironcha,9,"Sironcha , Maharashtra",18.84683,79.96407,
Charvi Karpe,54,bztxg26@gmail.com,9114695080,Gondiya,Tirora,4,"Tirora , Maharashtra",21.4102,79.92809,
Nishith Som,47,prfaa57@gmail.com,4358682955,Gondiya,Tirora,2,"Tirora , Maharashtra",21.4102,79.92809,
Riya Dhawan,48,pzfwe51@gmail.com,9133855396,Gondiya,Tirora,9,"Tirora , Maharashtra",21.4102,79.92809,
Badal Jhaveri,27,opwul46@gmail.com,7426833667,Gondiya,Tirora,7,"Tirora , Maharashtra",21.4102,79.92809,
Hiran Kale,55,wczdu51@gmail.com,118865595,Gondiya,Tirora,2,"Tirora , Maharashtra",21.4102,79.92809,
Prerak Chaudhary,55,pegyk52@gmail.com,9177085799,Gondiya,Tirora,8,"Tirora , Maharashtra",21.4102,79.92809,
Lagan Bhattacharyya,57,fpqne50@gmail.com,5294569800,Gondiya,Tirora,2,"Tirora , Maharashtra",21.4102,79.92809,
Indrans Ramanathan,33,vzscq60@gmail.com,9177608321,Gondiya,Tirora,5,"Tirora , Maharashtra",21.4102,79.92809,
Seher Som,32,nzktn51@gmail.com,9115651005,Gondiya,Tirora,3,"Tirora , Maharashtra",21.4102,79.92809,
Miraan Ramesh,54,thxyl50@gmail.com,1673020119,Gondiya,Tirora,2,"Tirora , Maharashtra",21.4102,79.92809,
Ryan Wali,30,jpuod50@gmail.com,9163977803,Gondiya,Tirora,2,"Tirora , Maharashtra",21.4102,79.92809,
Miraya Behl,53,zfuur50@gmail.com,4359502969,Gondiya,Tirora,3,"Tirora , Maharashtra",21.4102,79.92809,
Tiya Sood,59,ewbau56@gmail.com,4697767025,Gondiya,Tirora,2,"Tirora , Maharashtra",21.4102,79.92809,
Aaryahi Choudhry,60,nlcra34@gmail.com,9109771640,Gondiya,Tirora,8,"Tirora , Maharashtra",21.4102,79.92809,
Pranay Sabharwal,51,nkrzt60@gmail.com,9109419445,Gondiya,Tirora,5,"Tirora , Maharashtra",21.4102,79.92809,
Zoya Buch,45,hqark50@gmail.com,9587954836,Gondiya,Tirora,4,"Tirora , Maharashtra",21.4102,79.92809,
Miraan Saha,51,pkwsz51@gmail.com,462513150,Hingoli,Sengaon,9,"Sengaon , Maharashtra",19.86818,76.93002,
Rhea Kalita,54,piehq52@gmail.com,9773223664,Hingoli,Sengaon,5,"Sengaon , Maharashtra",19.86818,76.93002,
Bhavin Bajaj,57,pmzhu30@gmail.com,9153258322,Hingoli,Hingoli,9,"Hingoli , Maharashtra",19.72169,77.15177,
Jayan Devi,32,ghkve32@gmail.com,5827999218,Hingoli,Hingoli,9,"Hingoli , Maharashtra",19.72169,77.15177,
Mamooty Kanda,39,cslmy46@gmail.com,3658001023,Hingoli,Aundha (Nagnath),6,"Aundha (Nagnath) , Maharashtra",19.54356,77.04244,
Zaina Grewal,60,vycvl32@gmail.com,5701022527,Hingoli,Aundha (Nagnath),3,"Aundha (Nagnath) , Maharashtra",19.54356,77.04244,
Faiyaz D’Alia,54,bbtfw27@gmail.com,1837212382,Hingoli,Kalamnuri,3,"Kalamnuri , Maharashtra",19.67593,77.31165,
Nirvi Gulati,43,owzxg35@gmail.com,9129225161,Hingoli,Kalamnuri,3,"Kalamnuri , Maharashtra",19.67593,77.31165,
Oorja Raja,40,dntco29@gmail.com,9319176578,Hingoli,Basmath,8,"Basmath , Maharashtra",19.32566,77.15999,
Uthkarsh Baria,45,krcfi52@gmail.com,5046116300,Hingoli,Basmath,3,"Basmath , Maharashtra",19.32566,77.15999,
Vidur Mallick,30,lmkbe42@gmail.com,9112340575,Jalgaon,Chopda,7,"Chopda , Maharashtra",21.2441,75.29399,
Eva Karpe,48,hskqo52@gmail.com,9133311346,Jalgaon,Yawal,5,"Yawal , Maharashtra",21.17036,75.70106,
Alisha Raj,49,kbzzp59@gmail.com,915750000000,Jalgaon,Raver,8,"Raver , Maharashtra",21.24331,76.03385,
Akarsh Gara,30,dvnkp41@gmail.com,9174757152,Jalgaon,Muktainagar,4,"Muktainagar , Maharashtra",21.02959,76.11857,
Yakshit Kant,32,zhkaz50@gmail.com,9193851944,Jalgaon,Bodvad,8,"Bodvad , Maharashtra",20.88137,75.99225,
Kabir Bajwa,51,jhkww35@gmail.com,6474384309,Jalgaon,Bhusawal,9,"Bhusawal , Maharashtra",21.04854,75.78869,
Miraya Shankar,42,paork48@gmail.com,1334916654,Jalgaon,Jalgaon,6,"Jalgaon , Maharashtra",21.00292,75.56602,
Aarush Saran,27,gedvz32@gmail.com,3477188871,Jalgaon,Erandol,4,"Erandol , Maharashtra",20.92754,75.32563,
Rhea Viswanathan,59,nqtem54@gmail.com,9136831772,Jalgaon,Dharangaon,5,"Dharangaon , Maharashtra",21.0063,75.27534,
Samarth Manne,50,wtapn51@gmail.com,3374868457,Jalgaon,Amalner,5,"Amalner , Maharashtra",21.04209,75.06307,
Siya Bahri,29,atmsg59@gmail.com,9145647003,Jalgaon,Parola,8,"Parola , Maharashtra",20.87561,75.11677,
Gatik Raval,45,ryrnz42@gmail.com,1447629872,Jalgaon,Bhadgaon,9,"Bhadgaon , Maharashtra",20.66414,75.23223,
Purab Barman,38,ctjru30@gmail.com,8759525890,Jalgaon,Chalisgaon,6,"Chalisgaon , Maharashtra",20.46295,75.00532,
Nirvaan Rana,39,kefbm29@gmail.com,8438791725,Jalgaon,Pachora,6,"Pachora , Maharashtra",20.66571,75.34589,
Gatik Dash,60,zjihw27@gmail.com,2234899031,Jalgaon,Jamner,8,"Jamner , Maharashtra",20.8088,75.77886,
Saira Toor,47,pmfbv31@gmail.com,9153055260,Jalna,Bhokardan,7,"Bhokardan , Maharashtra",20.24485,75.76901,
Saanvi Bandi,30,danxo39@gmail.com,8402355566,Jalna,Jafferabad,9,"Jafferabad , Maharashtra",20.1859,76.01554,
Indrans Ray,57,ozzym60@gmail.com,9126029788,Jalna,Jalna,6,"Jalna , Maharashtra",19.84102,75.88636,
Stuvan Mani,59,gezmz53@gmail.com,9109063387,Jalna,Badnapur,2,"Badnapur , Maharashtra",19.86989,75.76109,
Tara Madan,57,sqrmj42@gmail.com,487116238,Jalna,Ambad,6,"Ambad , Maharashtra",19.61596,75.79695,
Ivana Issac,43,mnxhv40@gmail.com,9184190726,Jalna,Ghansawangi,5,"Ghansawangi , Maharashtra",19.52122,75.98533,
Misha Dash,58,ubqys45@gmail.com,4806387312,Jalna,Partur,2,"Partur , Maharashtra",19.59016,76.2127,
Rohan Karnik,55,qjjqi39@gmail.com,9106049177,Jalna,Mantha,7,"Mantha , Maharashtra",19.71936,76.36334,
Myra Bhavsar,57,qfngc40@gmail.com,8080768483,Kolhapur,Shahuwadi,5,"Shahuwadi , Maharashtra",16.88841,73.89494,
Armaan Bandi,46,wztmj50@gmail.com,9150868236,Kolhapur,Panhala,7,"Panhala , Maharashtra",16.81168,74.11185,
Nayantara Bera,60,ssabg29@gmail.com,3381740532,Kolhapur,Hatkanangle,6,"Hatkanangle , Maharashtra",16.75231,74.27733,
Nehmat Bora,33,uxgsi56@gmail.com,9397561783,Kolhapur,Shirol,9,"Shirol , Maharashtra",16.68409,74.58954,
Ishita Doctor,47,zcsuh57@gmail.com,9465215228,Kolhapur,Karvir,2,"Karvir , Maharashtra",16.70542,74.30159,
Anya Hegde,58,zdrtd42@gmail.com,8952849032,Kolhapur,Gaganbavda,7,"Gaganbavda , Maharashtra",16.55092,73.84165,
Suhana Sridhar,31,bpwur27@gmail.com,9188230755,Kolhapur,Radhanagari,7,"Radhanagari , Maharashtra",16.42144,74.04381,
Kaira Hayer,56,jovpa40@gmail.com,4833492661,Kolhapur,Kagal,7,"Kagal , Maharashtra",16.58066,74.31673,
Kashvi Srinivas,54,dmynz45@gmail.com,6530125563,Kolhapur,Bhudargad,3,"Bhudargad , Maharashtra",16.3146,74.14221,
Anika Gaba,31,sqzfe30@gmail.com,8051379889,Kolhapur,Ajra,7,"Ajra , Maharashtra",16.11748,74.20731,
Shalv Raman,58,uvpbp57@gmail.com,9176979463,Kolhapur,Gadhinglaj,3,"Gadhinglaj , Maharashtra",16.22653,74.35217,
Anay Dhillon,55,fulya50@gmail.com,1548278514,Kolhapur,Chandgad,4,"Chandgad , Maharashtra",15.97927,74.35454,
Nitara Ganesh,32,updiw56@gmail.com,9183491979,Latur,Latur,4,"Latur , Maharashtra",18.39721,76.56784,
Ritvik Ganesan,27,gicvv47@gmail.com,2613097495,Latur,Renapur,7,"Renapur , Maharashtra",18.52674,76.59316,
Ahana  Agrawal,42,ecbsj43@gmail.com,8955074947,Latur,Ahmadpur,9,"Ahmadpur , Maharashtra",18.70561,76.93838,
Amani Chana,40,kwvjx26@gmail.com,1672552983,Latur,Jalkot,2,"Jalkot , Maharashtra",18.57766,77.17738,
Mahika Sandhu,53,jmrkt32@gmail.com,9173213850,Latur,Chakur,5,"Chakur , Maharashtra",18.51137,76.84527,
Indrajit Choudhry,41,bxkva40@gmail.com,9126274272,Latur,Shirur-Anantpal,3,"Shirur-Anantpal , Maharashtra",18.34194,76.79819,
Purab Jayaraman,48,ieyvj51@gmail.com,8858630249,Latur,Ausa,4,"Ausa , Maharashtra",18.24436,76.49958,
Zoya Raju,28,smfxv53@gmail.com,1061008256,Latur,Nilanga,6,"Nilanga , Maharashtra",18.12975,76.74882,
Kiaan Chand,58,cnifc48@gmail.com,9104671450,Latur,Deoni,4,"Deoni , Maharashtra",18.24843,77.04604,
Onkar Bora,30,aeblg35@gmail.com,3346180327,Latur,Udgir,7,"Udgir , Maharashtra",18.39258,77.11756,
Adira Dani,53,qnvyi59@gmail.com,9124881503,Nagpur,Narkhed,6,"Narkhed , Maharashtra",21.46908,78.52944,
Aaryahi Sarin,26,efrnn31@gmail.com,7181600431,Nagpur,Katol,8,"Katol , Maharashtra",21.2759,78.58681,
Ranbir Dass,57,jpcol57@gmail.com,9161673384,Nagpur,Kalameshwar,4,"Kalameshwar , Maharashtra",21.23453,78.91183,
Riaan Grover,45,fcqde30@gmail.com,4516643595,Nagpur,Savner,7,"Savner , Maharashtra",21.38685,78.92143,
Arnav Ratta,50,deixl28@gmail.com,6287657042,Nagpur,Parseoni,3,"Parseoni , Maharashtra",21.37164,79.1494,
Kavya Bhat,53,bgjvw32@gmail.com,9106847928,Nagpur,Ramtek,4,"Ramtek , Maharashtra",21.39508,79.31719,
Vedika Bose,27,dewmc26@gmail.com,9152637283,Nagpur,Mauda,8,"Mauda , Maharashtra",21.14734,79.40448,
Vanya Bhagat,34,iofsk34@gmail.com,9134757235,Nagpur,Kamptee,7,"Kamptee , Maharashtra",21.21241,79.19715,
Parinaaz Kapadia,50,tuqsu39@gmail.com,6068197420,Nagpur,Nagpur (Rural),7,"Nagpur (Rural) , Maharashtra",21.157081,79.073035,
Siya Sane,58,voeae54@gmail.com,1740268664,Nagpur,Nagpur (Urban),3,"Nagpur (Urban) , Maharashtra",21.15706,79.08213,
Sara Sama,33,utlcw58@gmail.com,964682746,Nagpur,Hingna,5,"Hingna , Maharashtra",21.07322,78.96109,
Tushar Vohra,42,zzovo27@gmail.com,9170099859,Nagpur,Umred,9,"Umred , Maharashtra",20.84891,79.32685,
Indrajit Rana,39,cdbaw48@gmail.com,288590708,Nagpur,Kuhi,6,"Kuhi , Maharashtra",21.01405,79.36118,
Taimur Gera,28,owgvq53@gmail.com,9649376682,Nagpur,Bhiwapur,2,"Bhiwapur , Maharashtra",20.78654,79.47958,
Eshani Ben,47,ylbmj52@gmail.com,2804150460,Nanded,Mahoor,5,"Mahoor , Maharashtra",19.84855,78.00253,
Lavanya Chakrabarti,48,uvwqe54@gmail.com,8908950227,Nanded,Kinwat,5,"Kinwat , Maharashtra",19.62308,78.20047,
Kiaan Bala,31,kggia51@gmail.com,1964911100,Nanded,Himayatnagar,6,"Himayatnagar , Maharashtra",19.407,77.84999,
Yuvraj  Bandi,45,grczs48@gmail.com,9152339236,Nanded,Hadgaon,3,"Hadgaon , Maharashtra",19.49871,77.65544,
Aaina Varma,55,dpvpt40@gmail.com,4113584688,Nanded,Ardhapur,3,"Ardhapur , Maharashtra",19.28518,77.37885,
Ahana  Atwal,39,loini60@gmail.com,9149489605,Nanded,Nanded,5,"Nanded , Maharashtra",19.15571,77.31096,
Ishita Kuruvilla,60,vdzpj38@gmail.com,9071855774,Nanded,Mudkhed,3,"Mudkhed , Maharashtra",19.14914,77.50349,
Anaya Wali,30,lahqj60@gmail.com,311509448,Nanded,Bhokar,4,"Bhokar , Maharashtra",19.22107,77.66942,
Samar Chaudhary,53,ssuwm33@gmail.com,604429549,Nanded,Umri,6,"Umri , Maharashtra",19.04754,77.63878,
Vardaniya Korpal,52,jtfzg45@gmail.com,7640452661,Nanded,Dharmabad,6,"Dharmabad , Maharashtra",18.89215,77.84728,
Yakshit Chaudry,58,lnvwj57@gmail.com,8905086159,Nanded,Biloli,2,"Biloli , Maharashtra",18.77509,77.72217,
Shanaya Kumer,55,qwudk31@gmail.com,6352593756,Nanded,Naigaon (Khairgaon),5,"Naigaon (Khairgaon) , Maharashtra",18.81384,77.5177,
Anahita Divan,31,svazj32@gmail.com,9104017230,Nanded,Loha,8,"Loha , Maharashtra",18.95576,77.12296,
Aarush Babu,56,pwfqd27@gmail.com,9273344948,Nanded,Kandhar,5,"Kandhar , Maharashtra",18.87332,77.18649,
Saira Gole,27,avjfr45@gmail.com,1703459284,Nanded,Mukhed,3,"Mukhed , Maharashtra",18.70776,77.36679,
Nirvi Wali,47,pjouj52@gmail.com,4423199574,Nanded,Deglur,7,"Deglur , Maharashtra",18.54569,77.57702,
Shanaya Rajan,59,ywlay32@gmail.com,6245854124,Nandurbar,Akkalkuwa,2,"Akkalkuwa , Maharashtra",21.55528,74.02119,
Pranay Doshi,31,synlr46@gmail.com,9186295071,Nandurbar,Akrani,3,"Akrani , Maharashtra",21.88117,74.4633,
Dhruv Dhawan,53,yltjy32@gmail.com,2324456187,Nandurbar,Taloda,7,"Taloda , Maharashtra",21.56314,74.21605,
Pranay Bail,33,zjaae31@gmail.com,3380519239,Nandurbar,Shahada,4,"Shahada , Maharashtra",21.5352,74.47365,
Tarini Shukla,53,cmxvp42@gmail.com,4222976536,Nandurbar,Nandurbar,3,"Nandurbar , Maharashtra",21.36671,74.24051,
Sumer Sarraf,57,jvjox45@gmail.com,9117599327,Nandurbar,Nawapur,6,"Nawapur , Maharashtra",21.1613,73.79405,
Ivana Lall,30,clsek31@gmail.com,7284538361,Nashik,Surgana,4,"Surgana , Maharashtra",20.56087,73.63661,
Divyansh Suri,46,taygo31@gmail.com,1201197318,Nashik,Kalvan,7,"Kalvan , Maharashtra",18.29754,73.26085,
Khushi Chad,34,szssz35@gmail.com,2623371112,Nashik,Deola,6,"Deola , Maharashtra",20.45191,74.22946,
Darshit Karpe,41,ofnqf48@gmail.com,9166976123,Nashik,Baglan,5,"Baglan , Maharashtra",20.59641,74.20155,
Nehmat Goda,49,xfzgy45@gmail.com,9113604366,Nashik,Malegaon,7,"Malegaon , Maharashtra",20.54966,74.53462,
Umang Chokshi,56,lshhz60@gmail.com,9164508783,Nashik,Nandgaon,6,"Nandgaon , Maharashtra",20.3074,74.65824,
Shray Kurian,55,tzhdx53@gmail.com,625258133,Nashik,Chandvad,4,"Chandvad , Maharashtra",18.60011,75.63631,
Charvi Joshi,51,jdcdz27@gmail.com,9134507230,Nashik,Dindori,2,"Dindori , Maharashtra",20.03188,74.14776,
Zain Bava,45,exrnv28@gmail.com,5108776951,Nashik,Peth,8,"Peth , Maharashtra",17.05422,74.22996,
Lakshay Chhabra,31,mlenl26@gmail.com,6395521424,Nashik,Trumbak,6,"Trumbak , Maharashtra",19.93499,73.52849,
Fateh Date,60,zncmq55@gmail.com,324365503,Nashik,Nashik,8,"Nashik , Maharashtra",19.99727,73.79096,
Lakshit Deshmukh,39,xzomv30@gmail.com,9120921829,Nashik,Igatputi,7,"Igatputi , Maharashtra",19.69516,73.56175,
Yasmin Agrawal,55,dpkgs26@gmail.com,9131403325,Nashik,Sinnar,2,"Sinnar , Maharashtra",19.84369,73.99385,
Charvi Gera,53,qmwir28@gmail.com,8415061051,Nashik,Niphad,7,"Niphad , Maharashtra",20.14002,74.23684,
Divit Vig,59,cpyqx41@gmail.com,5177604152,Nashik,Yeola,6,"Yeola , Maharashtra",20.0424,74.48944,
Mannat Shere,28,hnrmj50@gmail.com,9076240247,Osmanabad,Paranda,7,"Paranda , Maharashtra",18.26837,75.45353,
Gokul Venkataraman,60,gkoxx50@gmail.com,9110459869,Osmanabad,Bhoom,2,"Bhoom , Maharashtra",18.46071,75.66214,
Badal Shetty,34,adlws51@gmail.com,6997439601,Osmanabad,Washi,7,"Washi , Maharashtra",18.54639,75.74208,
Nitya Soni,45,obgdi48@gmail.com,9131322450,Osmanabad,Kalamb,2,"Kalamb , Maharashtra",20.44095,78.32677,
Vidur Choudhury,27,xkcxd26@gmail.com,4396632326,Osmanabad,Osmanabad,4,"Osmanabad , Maharashtra",18.1853,76.04073,
Seher Kibe,30,yxxxt56@gmail.com,1045497667,Osmanabad,Tuljapur,3,"Tuljapur , Maharashtra",18.01376,76.07125,
Lakshay Kothari,57,xydwk29@gmail.com,740816731,Osmanabad,Lohara,4,"Lohara , Maharashtra",17.98603,76.35961,
Hrishita Devi,29,hxlqj34@gmail.com,7528422292,Osmanabad,Umerga,8,"Umerga , Maharashtra",17.83723,76.62664,
Kartik Vyas,33,mqdty59@gmail.com,5204412413,Parbhani,Sailu,8,"Sailu , Maharashtra",20.80667,78.88364,
Sumer Sankar,51,yngwe56@gmail.com,899978883,Parbhani,Jintur,2,"Jintur , Maharashtra",19.61331,76.68433,
Rania Koshy,53,ywfjb55@gmail.com,9160571407,Parbhani,Parbhani,6,"Parbhani , Maharashtra",19.26078,76.77693,
Mahika Yohannan,45,bsgws52@gmail.com,24792555,Parbhani,Manwath,6,"Manwath , Maharashtra",19.29953,76.49418,
Jhanvi Bhatnagar,49,wsuln33@gmail.com,9184444757,Parbhani,Pathri,4,"Pathri , Maharashtra",19.26199,76.4366,
Tushar Chaudhuri,43,pbdmv46@gmail.com,4626005059,Parbhani,Sonpeth,5,"Sonpeth , Maharashtra",19.02787,76.47423,
Devansh Sridhar,31,umjbs50@gmail.com,75640959,Parbhani,Gangakhed,3,"Gangakhed , Maharashtra",18.96648,76.74846,
Aaina Badami,26,jvgsz43@gmail.com,2492181751,Parbhani,Palam,5,"Palam , Maharashtra",19.01049,76.98182,
Miraan Keer,57,jqoic52@gmail.com,6115571893,Parbhani,Purna,4,"Purna , Maharashtra",19.18354,77.03009,
Rohan Deshmukh,41,brtoe27@gmail.com,4242058089,Pune,Junnar,9,"Junnar , Maharashtra",19.20443,73.8725,
Rania Rattan,26,usajh30@gmail.com,4453451103,Pune,Ambegaon,9,"Ambegaon , Maharashtra",19.00496,73.94583,
Ivan Dhar,56,fvjdq60@gmail.com,9941433054,Pune,Shirur,4,"Shirur , Maharashtra",19.03367,75.49058,
Charvi Ahluwalia,52,ibmzf42@gmail.com,6363251401,Pune,Khed,2,"Khed , Maharashtra",18.85531,73.88754,
Tara Edwin,35,gfpih56@gmail.com,5555916403,Pune,Mawal,2,"Mawal , Maharashtra",18.77193,73.4043,
Vedika Zachariah,34,rmymc32@gmail.com,4426913562,Pune,Mulshi,6,"Mulshi , Maharashtra",18.60708,73.72324,
Lakshay Trivedi,33,xvzor57@gmail.com,8629265961,Pune,Haveli,9,"Haveli , Maharashtra",19.17695,73.94813,
Ayesha Deshpande,48,lvvhf27@gmail.com,8838137373,Pune,Pune City,6,"Pune City , Maharashtra",19.09202,72.88585,
Vritika Bose,51,miwey40@gmail.com,4060507554,Pune,Daund,9,"Daund , Maharashtra",18.45738,74.57741,
Vaibhav Kothari,42,vrxsp58@gmail.com,9077603319,Pune,Purandhar,9,"Purandhar , Maharashtra",18.34706,74.03539,
Samar Mammen,53,wrgef32@gmail.com,8965095528,Pune,Velhe,4,"Velhe , Maharashtra",18.30661,73.67068,
Yashvi Chadha,34,xubjj27@gmail.com,8860282292,Pune,Bhor,6,"Bhor , Maharashtra",18.14432,73.84412,
Vanya Chandra,51,mhqyf42@gmail.com,3707003179,Pune,Baramati,3,"Baramati , Maharashtra",18.16536,74.5923,
Amani Handa,52,bjnmn53@gmail.com,921458013,Pune,Indapur,6,"Indapur , Maharashtra",18.1163,75.02819,
Inaaya  Kade,50,kiqkg30@gmail.com,8821577197,Raigarh,Uran,5,"Uran , Maharashtra",18.87875,72.93932,
Mamooty Bala,40,milkl52@gmail.com,9799523317,Raigarh,Panvel,6,"Panvel , Maharashtra",18.99821,73.12315,
Nayantara Das,42,dcnxx35@gmail.com,7771955172,Raigarh,Karjat,9,"Karjat , Maharashtra",18.55079,75.00907,
Shanaya Tiwari,29,zfxze54@gmail.com,587726625,Raigarh,Khalapur,4,"Khalapur , Maharashtra",18.80024,73.32012,
Kashvi Kumar,55,hypwm40@gmail.com,1571379812,Raigarh,Pen,5,"Pen , Maharashtra",18.7349,73.09258,
Mohanlal Trivedi,57,ulcfs54@gmail.com,7329975594,Raigarh,Alibag,7,"Alibag , Maharashtra",18.64825,72.87798,
Sana Yogi,53,tthzm48@gmail.com,2203175687,Raigarh,Murud,2,"Murud , Maharashtra",18.33319,72.96273,
Anahi Rao,56,smctz26@gmail.com,3209774466,Raigarh,Roha,3,"Roha , Maharashtra",18.42873,73.16385,
Kartik Kade,35,pqlah58@gmail.com,246960063,Raigarh,Sudhagad,6,"Sudhagad , Maharashtra",18.58628,73.25654,
Aarna Loke,40,bddkg35@gmail.com,1434659924,Raigarh,Mangaon,9,"Mangaon , Maharashtra",18.23885,73.28139,
Amani Ramachandran,60,mhqpp53@gmail.com,6668924217,Raigarh,Tala,7,"Tala , Maharashtra",18.28833,73.14009,
Ira Hayre,58,wocxq53@gmail.com,4895967501,Raigarh,Shrivardhan,3,"Shrivardhan , Maharashtra",18.04902,73.01536,
Aarush Magar,34,yayjz55@gmail.com,4694796773,Raigarh,Mhasla,3,"Mhasla , Maharashtra",18.13425,73.1113,
Sara Khanna,52,kxjty60@gmail.com,2840521420,Raigarh,Mahad,5,"Mahad , Maharashtra",18.08124,73.42205,
Indrans Gandhi,56,meoql39@gmail.com,9192558121,Raigarh,Poladpur,9,"Poladpur , Maharashtra",17.98335,73.46517,
Sana Amble,48,vgkjs42@gmail.com,856597538,Ratnagiri,Mandangad,3,"Mandangad , Maharashtra",17.9798,73.19407,
Aarush Choudhary,49,ogbgo58@gmail.com,9382608022,Ratnagiri,Dapoli,7,"Dapoli , Maharashtra",17.75765,73.18781,
Oorja Soni,48,iddvz48@gmail.com,5461575129,Ratnagiri,Khed,5,"Khed , Maharashtra",18.85531,73.88754,
Indrajit Grewal,56,nvoik40@gmail.com,6128070844,Ratnagiri,Chiplun,5,"Chiplun , Maharashtra",17.52385,73.52601,
Prisha Dayal,53,amnmv41@gmail.com,1205914038,Ratnagiri,Guhagar,3,"Guhagar , Maharashtra",17.48905,73.26941,
Vritika Khare,29,cjtzt57@gmail.com,9062029672,Ratnagiri,Ratnagiri,5,"Ratnagiri , Maharashtra",16.99214,73.2919,
Neelofar Lad,48,khnbb58@gmail.com,4467247252,Ratnagiri,Sangameshwar,8,"Sangameshwar , Maharashtra",17.16984,73.53505,
Heer Sathe,57,lewpf55@gmail.com,2718578232,Ratnagiri,Lanja,3,"Lanja , Maharashtra",16.85828,73.54913,
Arhaan Thaker,51,nllxx39@gmail.com,977995445,Ratnagiri,Rajapur,7,"Rajapur , Maharashtra",16.65917,73.52315,
Yashvi Lall,41,grrdq31@gmail.com,7703324950,Sangli,Shirala,5,"Shirala , Maharashtra",16.96629,74.09254,
Umang Kaur,32,wptef60@gmail.com,4536162644,Sangli,Walwa,8,"Walwa , Maharashtra",17.02621,74.37124,
Lavanya Sridhar,57,fvxlg32@gmail.com,9104713318,Sangli,Palus,7,"Palus , Maharashtra",17.10312,74.42817,
Anvi Brar,54,gdmaz27@gmail.com,3349243190,Sangli,Kadegaon,9,"Kadegaon , Maharashtra",17.29799,74.40846,
Umang Tak,26,jtjtu56@gmail.com,9704757733,Sangli,Khanapur,2,"Khanapur , Maharashtra",17.282,74.52329,
Suhana Zachariah,55,gjvby27@gmail.com,315378182,Sangli,Atpadi,5,"Atpadi , Maharashtra",17.36107,74.90389,
Advika Basak,56,drtew50@gmail.com,3647361740,Sangli,Tasgaon,9,"Tasgaon , Maharashtra",17.03664,74.5999,
Ayesha Kapoor,57,nwrxe51@gmail.com,8704225066,Sangli,Miraj,2,"Miraj , Maharashtra",16.82807,74.64908,
Nirvi Kala,54,zbhuj28@gmail.com,7833194612,Sangli,Kavathemahankal,3,"Kavathemahankal , Maharashtra",17.01013,74.89398,
Parinaaz Sharaf,33,pzrcc47@gmail.com,6573137188,Sangli,Jat,3,"Jat , Maharashtra",17.04995,75.22069,
Reyansh Dhingra,29,gqyvz59@gmail.com,5103089540,Satara,Mahabaleshwar,2,"Mahabaleshwar , Maharashtra",17.9264,73.65949,
Aniruddh Vyas,32,aeupb45@gmail.com,6031333432,Satara,Wai,3,"Wai , Maharashtra",17.94736,73.88801,
Divit Soman,53,qwqel26@gmail.com,6236604848,Satara,Khandala,5,"Khandala , Maharashtra",18.08954,74.05069,
Fateh Shan,32,ysooe52@gmail.com,3703751837,Satara,Phaltan,9,"Phaltan , Maharashtra",17.9891,74.4301,
Uthkarsh Boase,52,ifzcl58@gmail.com,8908109439,Satara,Man,6,"Man , Maharashtra",17.63477,74.78363,
Mishti Vig,46,fcecp56@gmail.com,7244754556,Satara,Khatav,2,"Khatav , Maharashtra",17.56252,74.42919,
Jivin Sani,57,nwthb60@gmail.com,175641958,Satara,Koregaon,3,"Koregaon , Maharashtra",17.70104,74.16325,
Yakshit Soman,56,edyxa47@gmail.com,8422792949,Satara,Satara,5,"Satara , Maharashtra",17.68589,73.99333,
Trisha Kohli,45,mliwj40@gmail.com,8296147057,Satara,Jaoli,6,"Jaoli , Maharashtra",17.82219,73.80508,
Ritvik Kapur,27,pewuq27@gmail.com,8288812777,Satara,Patan,3,"Patan , Maharashtra",17.37297,73.90327,
Rohan Grover,60,utpmd38@gmail.com,326056761,Satara,Karad,6,"Karad , Maharashtra",17.27691,74.18511,
Hazel Gala,60,gdcer46@gmail.com,592412042,Sindhudurg,Devgad,3,"Devgad , Maharashtra",16.39754,73.46709,
Sumer Badal,48,omxlp45@gmail.com,1584865092,Sindhudurg,Vaibhavvadi,9,"Vaibhavvadi , Maharashtra",16.50563,73.768,
Yasmin Char,40,bkrlp56@gmail.com,6465234510,Sindhudurg,Kankavli,8,"Kankavli , Maharashtra",16.26282,73.70874,
Raunak Solanki,40,zhrpd50@gmail.com,8191425543,Sindhudurg,Malwan,4,"Malwan , Maharashtra",16.06527,73.47514,
Anika Mani,29,igdhw30@gmail.com,31286852,Sindhudurg,Vengurla,9,"Vengurla , Maharashtra",15.8521,73.63221,
Raghav Raval,29,xdffz28@gmail.com,157475975,Sindhudurg,Kudal,2,"Kudal , Maharashtra",16.00225,73.68906,
Baiju Choudhury,55,zokyc46@gmail.com,5263609372,Sindhudurg,Sawantwadi,6,"Sawantwadi , Maharashtra",15.90062,73.82283,
Vivaan Dugar,55,bdkxz26@gmail.com,834540171,Sindhudurg,Dodamarg,8,"Dodamarg , Maharashtra",15.74848,74.04251,
Vardaniya Swaminathan,53,phhom34@gmail.com,9851405855,Solapur,Karmala,7,"Karmala , Maharashtra",18.40742,75.19788,
Saanvi Madan,27,gxbrb27@gmail.com,4409994555,Solapur,Madha,9,"Madha , Maharashtra",18.09117,75.40698,
Indrajit Maharaj,49,iklov57@gmail.com,9023443131,Solapur,Barshi,9,"Barshi , Maharashtra",18.2335,75.69436,
Piya Bhasin,33,zkbbi59@gmail.com,7503503496,Solapur,Solapur north,3,"Solapur north , Maharashtra",17.72589,75.84166,
Stuvan Ravi,34,fvrup30@gmail.com,164793396,Solapur,Mohol,4,"Mohol , Maharashtra",17.80921,75.63844,
Jivin Bala,28,qipyy31@gmail.com,1783379139,Solapur,Pandharpur,4,"Pandharpur , Maharashtra",17.66675,75.31331,
Piya Goel,51,dfqyy39@gmail.com,1299444769,Solapur,Malshiras,9,"Malshiras , Maharashtra",17.88995,75.00419,
Zoya Wable,28,oxhar32@gmail.com,2725504368,Solapur,Sangole,7,"Sangole , Maharashtra",17.44271,75.19539,
Ritvik Ramachandran,30,qmgyo26@gmail.com,8400311286,Solapur,Mangalvedhe,3,"Mangalvedhe , Maharashtra",17.51465,75.44983,
Hunar Dara,42,wkgbh29@gmail.com,8795243576,Solapur,Solapur south,2,"Solapur south , Maharashtra",17.49874,75.86221,
Eva Ramakrishnan,60,yaxbv26@gmail.com,3984388794,Solapur,Akkalkot,7,"Akkalkot , Maharashtra",17.52192,76.19798,
Siya Kala,58,bazxi39@gmail.com,8203958975,Thane,Talasari,4,"Talasari , Maharashtra",20.16627,72.90636,
Mishti Suri,58,bmaio34@gmail.com,502841611,Thane,Dahanu,4,"Dahanu , Maharashtra",19.97614,72.72193,
Navya Bal,54,kdqgs51@gmail.com,5575990477,Thane,Vikramgad,7,"Vikramgad , Maharashtra",19.79705,73.0963,
Lagan Thakkar,40,vjsmg41@gmail.com,7285324909,Thane,Jawhar,5,"Jawhar , Maharashtra",19.91282,73.22693,
Saanvi Gade,57,nnjzj39@gmail.com,2156736569,Thane,Mokhada,7,"Mokhada , Maharashtra",19.89915,73.37829,
Farhan Devan,42,dxxpo28@gmail.com,437065243,Thane,Vada,7,"Vada , Maharashtra",19.65219,73.14325,
Shlok Jhaveri,58,qegeq53@gmail.com,919121005,Thane,Palghar,9,"Palghar , Maharashtra",19.70023,72.77104,
Anika Kaur,31,fglov41@gmail.com,8774511113,Thane,Vasai,7,"Vasai , Maharashtra",19.36621,72.81448,
Diya Sundaram,28,ndskm31@gmail.com,2531035799,Thane,Thane,9,"Thane , Maharashtra",19.19704,72.96355,
Hiran Sinha,43,ytnyx60@gmail.com,4325209551,Thane,Bhiwandi,3,"Bhiwandi , Maharashtra",19.29711,73.06349,
Ojas Brahmbhatt,54,okkay33@gmail.com,5213888685,Thane,Shahapur,9,"Shahapur , Maharashtra",19.45606,73.33012,
Armaan Singh,57,hbxwd28@gmail.com,4482303731,Thane,Kalyan,5,"Kalyan , Maharashtra",19.2437,73.13554,
Ahana  Chand,28,cffor43@gmail.com,7137891316,Thane,Ulhasnagar,9,"Ulhasnagar , Maharashtra",19.229,73.16553,
Divit Butala,56,ufgbm52@gmail.com,8117058176,Thane,Ambarnath,9,"Ambarnath , Maharashtra",19.19574,73.19404,
Jayesh Ram,53,wtifl32@gmail.com,4427039193,Thane,Murbad,2,"Murbad , Maharashtra",19.25844,73.38958,
Lagan Agate,59,qbrpd32@gmail.com,6469996439,Wardha,Ashti,5,"Ashti , Maharashtra",18.80812,75.16609,
Mannat Shetty,54,zbxbn58@gmail.com,6489776335,Wardha,Karanja,8,"Karanja , Maharashtra",21.1615,78.40973,
Raghav Jhaveri,43,ihjtg32@gmail.com,383951315,Wardha,Arvi,9,"Arvi , Maharashtra",21.00375,78.22844,
Rasha Uppal,27,zjqfx58@gmail.com,7544112164,Wardha,Seloo,6,"Seloo , Maharashtra",20.80667,78.88364,
Samar Sura,48,amzul34@gmail.com,6275033445,Wardha,Wardha,7,"Wardha , Maharashtra",20.73545,78.59485,
Aarush Deo,48,dzcvb30@gmail.com,7805997479,Wardha,Deoli,8,"Deoli , Maharashtra",20.65315,78.47987,
Akarsh Handa,60,gxufv55@gmail.com,9547594433,Wardha,Hinganghat,7,"Hinganghat , Maharashtra",20.55161,78.84225,
Nitya Wadhwa,29,ykzum39@gmail.com,9851618342,Wardha,Samudrapur,9,"Samudrapur , Maharashtra",20.66947,78.92383,
Shray Arya,59,hqjjq55@gmail.com,9902376910,Washim,Malegaon,4,"Malegaon , Maharashtra",20.54966,74.53462,
Mohanlal Iyer,55,yyuxo52@gmail.com,9725556803,Washim,Malegaon,2,"Malegaon , Maharashtra",20.54966,74.53462,
Arhaan Sura,26,gyhrt27@gmail.com,8717391972,Washim,Mangrulpir,6,"Mangrulpir , Maharashtra",20.31249,77.34093,
Ryan Soman,28,bxunp40@gmail.com,2997774607,Washim,Mangrulpir,8,"Mangrulpir , Maharashtra",20.31249,77.34093,
Kiara Bahri,49,urpaa39@gmail.com,6067092629,Washim,Karanja,2,"Karanja , Maharashtra",21.1615,78.40973,
Vritika Dua,27,tbwec53@gmail.com,2490556875,Washim,Karanja,5,"Karanja , Maharashtra",21.1615,78.40973,
Gokul Garde,48,opvsi57@gmail.com,1947607485,Washim,Manora,4,"Manora , Maharashtra",20.21787,77.56048,
Aarna Dara,40,lrmsa34@gmail.com,2201413790,Washim,Manora,4,"Manora , Maharashtra",20.21787,77.56048,
Anika Mallick,56,sftco51@gmail.com,1011730916,Washim,Washim,2,"Washim , Maharashtra",20.10821,77.14092,
Emir Bava,52,cixyi50@gmail.com,7944537633,Washim,Washim,3,"Washim , Maharashtra",20.10821,77.14092,
Yakshit Borde,27,smzga31@gmail.com,5384080202,Washim,Risod,7,"Risod , Maharashtra",19.97806,76.79164,
Ira Kara,41,gppex46@gmail.com,9838480518,Washim,Risod,8,"Risod , Maharashtra",19.97806,76.79164,
Lakshay Lala,28,glqju56@gmail.com,7568213884,Yavatmal,Ner,2,"Ner , Maharashtra",20.4921,77.86682,
Sana Kaur,46,kdvok52@gmail.com,7436875574,Yavatmal,Ner,7,"Ner , Maharashtra",20.4921,77.86682,
Bhavin Agate,47,fvazd34@gmail.com,4347316733,Yavatmal,Babulgaon,9,"Babulgaon , Maharashtra",20.56281,78.14772,
Onkar Sampath,30,djvul60@gmail.com,9017831278,Yavatmal,Babulgaon,7,"Babulgaon , Maharashtra",20.56281,78.14772,
Shray Aggarwal,49,puvzr26@gmail.com,1543800342,Yavatmal,Kalamb,3,"Kalamb , Maharashtra",20.44095,78.32677,
Nishith Loke,26,jofgo40@gmail.com,7153833861,Yavatmal,Kalamb,8,"Kalamb , Maharashtra",20.44095,78.32677,
Gokul Dyal,35,yovhg55@gmail.com,7122083028,Yavatmal,Yavatmal,3,"Yavatmal , Maharashtra",20.39324,78.13201,
Vihaan Gulati,50,yuwns54@gmail.com,372249515,Yavatmal,Yavatmal,7,"Yavatmal , Maharashtra",20.39324,78.13201,
Vardaniya Karnik,53,ghrfh34@gmail.com,1159777715,Yavatmal,Darwha,7,"Darwha , Maharashtra",20.31067,77.76966,
Saanvi Chana,39,zsdcw30@gmail.com,2583998592,Yavatmal,Darwha,8,"Darwha , Maharashtra",20.31067,77.76966,
Nitya Lala,35,bbfcj34@gmail.com,109392963,Yavatmal,Digras,3,"Digras , Maharashtra",20.10602,77.71509,
Nirvaan Tandon,31,iiibc30@gmail.com,1218639875,Yavatmal,Digras,5,"Digras , Maharashtra",20.10602,77.71509,
Trisha Bhat,34,ekfcz52@gmail.com,9240208294,Yavatmal,Pusad,8,"Pusad , Maharashtra",19.91042,77.56779,
Parinaaz Uppal,41,zvkut39@gmail.com,4592841834,Yavatmal,Pusad,3,"Pusad , Maharashtra",19.91042,77.56779,
Samarth Buch,49,vavfm26@gmail.com,9339063859,Yavatmal,Umarkhed,5,"Umarkhed , Maharashtra",19.60062,77.68829,
Shanaya Garg,35,ynjqx35@gmail.com,3243553214,Yavatmal,Umarkhed,9,"Umarkhed , Maharashtra",19.60062,77.68829,
Hansh Dubey,58,lywze30@gmail.com,7085833768,Yavatmal,Mahagaon,2,"Mahagaon , Maharashtra",19.76599,77.75211,
Shayak Saraf,46,esjwi35@gmail.com,2296547354,Yavatmal,Mahagaon,6,"Mahagaon , Maharashtra",19.76599,77.75211,
Priyansh Sethi,46,skbbp34@gmail.com,2034142435,Yavatmal,Arni,3,"Arni , Maharashtra",20.10034,77.95298,
Nayantara Ratta,47,zhflm39@gmail.com,5585982283,Yavatmal,Arni,3,"Arni , Maharashtra",20.10034,77.95298,
Fateh Bhatnagar,31,dpuux54@gmail.com,7577490056,Yavatmal,Ghatanji,3,"Ghatanji , Maharashtra",20.14262,78.3134,
Samarth Basu,33,pqpeu59@gmail.com,6919729216,Yavatmal,Ghatanji,3,"Ghatanji , Maharashtra",20.14262,78.3134,
Faiyaz Soni,41,twwbm26@gmail.com,2266449415,Yavatmal,Kelapur,7,"Kelapur , Maharashtra",20.01728,78.55221,
Gokul Toor,52,zcfbj40@gmail.com,5748502922,Yavatmal,Kelapur,4,"Kelapur , Maharashtra",20.01728,78.55221,
Kiaan Grewal,35,uleiv60@gmail.com,2975681416,Yavatmal,Ralegaon,2,"Ralegaon , Maharashtra",20.29926,78.62957,
Ahana  Jhaveri,40,plhwr31@gmail.com,5195272762,Yavatmal,Ralegaon,4,"Ralegaon , Maharashtra",20.29926,78.62957,
Dishani Suresh,56,ijbbp33@gmail.com,6690734103,Yavatmal,Maregaon,3,"Maregaon , Maharashtra",20.09859,78.73771,
Devansh Savant,27,rozri45@gmail.com,1338126106,Yavatmal,Maregaon,9,"Maregaon , Maharashtra",20.09859,78.73771,
Aayush Kalla,38,qmsoj58@gmail.com,8592570737,Yavatmal,Zari-jamani,4,"Zari-jamani , Maharashtra",19.88548,78.72985,
Himmat Gera,40,swrah32@gmail.com,1433455141,Yavatmal,Zari-jamani,8,"Zari-jamani , Maharashtra",19.88548,78.72985,
Chirag Seshadri,53,wbodp32@gmail.com,9049388293,Yavatmal,Wani,7,"Wani , Maharashtra",20.05793,78.95201,
Tiya De,28,fjkkg33@gmail.com,9845739225,Yavatmal,Wani,9,"Wani , Maharashtra",20.05793,78.95201,
